5.397698794032885772e-01,-2.729155364931633576e-01,6.537670813812157533e-02,-4.366192002878394735e-02,3.517042262198564247e-04
3.629754841628194950e-01,1.172791221404446832e-01,-1.310197402511912579e-01,4.521783282248811875e-02,5.137717700116169010e-03
1.288461153460689627e-17,-2.242710458376348035e-17,-1.822785968424683877e-17,5.207824304120008478e-17,2.362075224857315450e-17
5.585537415123092986e-01,2.685253663855855510e-01,-1.890267117208287995e-01,3.646106330226047548e-02,-9.936191663505816729e-02
2.145917426398808447e-01,4.828672041325513670e-02,-1.306004189536382754e-01,-2.604653948679730990e-01,-9.508177582634506214e-03
5.647893945791293557e-01,-2.163365309419013338e-01,-3.186054425959762293e-01,-1.845375616369356389e-02,1.619904015025014077e-01
4.246633696814100523e-01,-1.181043643655503711e-01,-2.514551259461497157e-01,1.134639155655036910e-02,1.724163655013469520e-01
2.277553678751706723e-01,-8.037734774077993916e-02,-1.320097748726336284e-01,-1.284650585203165607e-01,4.166212584587326850e-02
1.614665091550384901e-01,-2.597411280482034984e-02,-1.431567347663647849e-01,-1.110409576203406912e-01,5.531807396917252234e-02
5.705192753886670354e-02,-2.721044276730367334e-02,-3.831156523362546501e-02,-8.756598003498452382e-03,-2.342688969144977526e-02
2.281057163067483906e-01,-4.041369555755410653e-02,-1.051815113038782057e-01,-1.119195350409445261e-01,1.439844638084388645e-02
4.799512272346090347e-02,-1.221850717876535319e-02,-4.095385089425121472e-02,-5.993427874340349903e-02,4.136053785254042298e-02
4.921068023528010760e-01,-1.685077249014296785e-01,-3.023182616288327407e-01,1.807819091081905305e-02,5.423956542661657887e-02
2.937466246072888421e-01,-1.568007794726183346e-01,-1.733894050584950386e-01,-1.639365477743905120e-01,5.336727050456949173e-02
2.163403893247325960e-01,-6.905810254669252080e-02,-1.237510269531244683e-01,1.495051530591183855e-02,1.692964806502441841e-02
3.872322697552234017e-01,-1.203940421683200729e-01,-2.119638424148147238e-01,-2.199827500527846980e-01,7.281950060034438066e-02
6.805166372787434526e-01,3.348292006166930235e-01,-2.356436733658854032e-01,1.835468838030908031e-02,-5.139037170337565352e-02
2.449564124749399330e-01,-8.857996823549521559e-02,-1.354688623646388146e-01,-1.615293101111082638e-02,1.092718179070979873e-01
6.569043066688990962e-01,-2.969858261414498046e-01,1.216215985421141704e-01,-1.081048681630442654e-01,-1.129524277891593986e-01
6.702482113751406789e-02,1.701332503173514634e-03,-2.284107645453084187e-02,-7.670240061496898243e-02,-2.866167330634050714e-03
1.528738724090264178e-01,1.178350122120734589e-01,-6.174214023156079229e-02,-1.291682521224087332e-01,-4.161527327226643980e-02
4.369527444565674545e-01,1.528874635561488782e-01,-1.628721556863117204e-01,-2.707820453102166569e-01,-9.660222184453498562e-02
6.783150273029169008e-02,-4.549586794245290972e-02,-2.729825875775626978e-02,-1.642735867049362891e-02,-3.420938463387715022e-03
4.396891153441703226e-01,-8.623389968397544847e-02,-2.173491527943825774e-01,5.074891229418770910e-02,1.665970647565733209e-01
3.747375235400425830e-01,-1.750277135766271086e-01,-2.481556638906937673e-01,2.951051618310206529e-02,5.756465170967758199e-02
7.330516223858802860e-01,3.514138558084584640e-01,-2.470597710747853837e-01,-5.044658874763503081e-02,-5.988523098585937093e-02
6.332792396511216504e-02,-1.677338789597085378e-02,2.468218821859581927e-02,-3.034852911677738546e-02,1.702585886393953411e-03
6.320138938243220483e-01,-2.530481795831764358e-01,-3.009606732172867560e-01,-2.551883449245306162e-02,-6.898227420056735060e-02
4.072382410638767380e-01,-1.301780372204819347e-01,-2.463205899963238077e-01,4.667858728211607411e-02,8.728205971471691971e-02
2.949711722452212914e-01,1.447937228994442271e-01,-8.618033653815605766e-02,-3.409964620907030008e-02,-2.032656431379811779e-02
1.228686099373057057e-17,-1.865479705410156638e-17,-1.623759611761203292e-17,4.111279155166725777e-17,1.203411189245743400e-17
2.123746374427762651e-01,-6.163194169290218266e-02,5.944472240284814912e-02,-1.233842196788915019e-01,8.179712176868098039e-02
2.827219894910792397e-01,-1.483156646695337755e-01,-1.590649950022403891e-01,1.938083115343473273e-01,-1.023585876247341403e-01
8.800744735690312071e-02,-1.565002316279883246e-02,-8.371318072937684873e-02,-8.051223333998924758e-02,3.747890798433321791e-02
3.452531303828829112e-01,-8.387624263701033700e-02,-1.716326029367349071e-01,-2.023682599743699129e-01,6.040417039974531332e-02
4.832117395109440938e-01,-1.156349106018344508e-01,-2.379185991403448830e-01,-3.897089680661215000e-02,8.331278192570720775e-02
4.377390923465366290e-01,-1.568303986647126835e-01,-2.742618796735163955e-01,5.375516821002155471e-02,9.797325873145346087e-02
5.989631496353544637e-01,2.791025148407439982e-01,-1.782602091692203905e-01,8.444704971351242595e-02,-2.643325688887641911e-02
2.136794362240435619e-01,-1.031875747430474610e-01,-7.677923567735110699e-02,1.518961534279908709e-01,-9.000827257082849239e-03
6.686644941439070511e-01,-2.396777338393945578e-01,-3.973130653237990084e-01,-3.597506401390747344e-02,9.884009449361091937e-02
1.528120859983007063e-01,-6.014412252358736222e-02,-1.066221688463548783e-01,1.179999933551805630e-01,-6.943025684321948998e-02
2.430583052468121563e-01,-5.665720644510039566e-02,-1.291822520008202024e-01,-9.739598360488772866e-02,-7.894784275832667647e-03
2.560550871369742243e-01,-1.523495244884021382e-01,-1.247983410246987918e-01,2.178711202804541058e-01,-3.074872576248509348e-02
1.881263647836221159e-02,1.688155872554755656e-03,1.598022578208280241e-03,-1.425852127872608184e-02,-5.162246640325339518e-04
5.894134598781597401e-01,2.244762087621963997e-01,-2.440451617100112269e-01,2.744205159801471616e-02,-6.473792390536638186e-02
6.031816085335712785e-01,3.327816245638243187e-01,-1.522513768945337187e-01,-1.170008997957986546e-01,-1.163573236772944552e-01
4.522641702633369287e-01,3.302885561171333140e-01,-1.387872643172469167e-01,-5.217770800848262752e-02,-7.133772139999665363e-02
7.081089140362685219e-01,2.100043693773987474e-01,-2.332370017750089730e-01,-2.163496276059315854e-02,-1.620456103150352475e-02
2.569169735675390642e-01,-1.410840840895673520e-01,-1.145997828878062424e-01,1.618024212081414781e-01,-1.080950105423778146e-01
7.476967180162734650e-01,-3.256000606528222652e-01,3.851067101863295261e-02,5.736790241098964002e-03,-9.352475815847606511e-02
4.887776693427068470e-02,-2.345070004865897409e-02,3.769287245851867581e-03,3.088655980406298292e-03,-1.060116108333163283e-02
6.280808758656170054e-01,3.416669367119095635e-01,-2.303509050640428213e-01,-5.709902952272869620e-02,-1.050862013141351664e-01
3.252593950302818948e-01,1.087485438178227570e-01,-1.376330615170575367e-01,-4.366524611158283109e-02,1.414451806485702429e-02
3.610348867053241317e-01,2.509295286882108345e-01,-1.152196192346892495e-01,-8.917185816831926098e-04,-4.981849401329191407e-02
7.070672078705205754e-01,3.265060714136421849e-01,-2.278433271949194261e-01,1.448278586364845980e-02,-8.995799222073466717e-02
2.515024675064396198e-01,5.734874275566900770e-02,-1.256161792922351195e-01,-2.649326767307161323e-01,5.335076161190816998e-03
3.642406109379243140e-01,-2.281438175951452096e-01,-1.237347103828496664e-01,1.596566711240250125e-01,-2.151062106981844746e-01
7.257965622407775985e-01,3.124115832397686976e-01,-2.357896567176521740e-01,4.377848053259787361e-03,-6.377173644418308862e-02
1.214800627159293156e-02,-5.278935782285917259e-04,-5.164466322196119979e-03,3.157432885847743197e-03,-1.193024332831214146e-02
6.701016448380744395e-01,3.170641742184133194e-01,-2.198179385446268619e-01,-3.967837669795037936e-02,-9.003108926622202524e-02
7.672435823415287015e-02,3.134331448913840745e-02,-5.761617102011148267e-02,-8.744671270295088783e-02,-3.478538654951042822e-03
3.440148540501583585e-02,4.572729749958548418e-02,2.934887340242399532e-03,2.963881501767673746e-02,-9.403688392191989279e-03
3.617630078567031227e-01,-6.796186279296941024e-02,-1.933896128360041988e-01,8.864341693378412212e-02,8.342752088994914716e-02
6.920827402842099074e-01,3.111655280671661861e-01,-2.539497684511906050e-01,1.644352099920257798e-02,-2.352761376344049329e-03
5.150473970576648908e-01,-1.723254750635337396e-01,-3.091710110108680243e-01,-3.339669255545386906e-02,1.573573689753439420e-01
3.425530474669774561e-01,6.400377945963550697e-02,-1.230327622465765547e-01,-1.928955916206175417e-02,-2.632933428708762562e-03
3.291431884348730574e-01,-1.042917584867279340e-01,-1.665878040331702503e-01,3.202492571384729647e-02,1.133301745291409590e-01
2.983659244640027297e-01,-9.918527615228715788e-02,-1.731484816580526331e-01,-1.478781893193997256e-02,2.182015600169810721e-01
3.042163104465937518e-01,1.041507692269964258e-01,-1.142379635534031823e-01,-1.643195147979011339e-01,-3.999226559394850750e-02
2.208175755886181146e-01,4.126545636774930914e-02,-9.002965954613266486e-02,-2.184511988070959032e-01,1.544443585001196648e-02
3.549281321757042362e-01,-5.870832355141637759e-02,-2.420499912567167788e-01,4.312652479420767127e-02,1.339193459921480533e-01
3.695006114113636442e-01,-6.373122746285850293e-02,-2.077610980474032809e-01,-2.427610174249010891e-02,2.267943438011040536e-01
4.852727402835300130e-01,-2.608366425472164463e-01,3.536158662848250950e-02,-4.043833655002483651e-02,1.196358844304628091e-02
1.921276479496065656e-02,-9.976092693092871930e-03,-8.926945698656284234e-03,-1.093175872272094708e-02,1.773764351047452809e-02
7.195493208112766492e-01,3.417550676936007559e-01,-2.622701055177577567e-01,-6.191565543172507236e-02,-3.409902600166134223e-02
6.519662975248299297e-01,-1.764660340130186911e-01,-3.203646710774647466e-01,-1.010066183751869538e-02,1.503824931785203434e-01
6.360595590746337402e-01,-2.840876215719205788e-01,1.009496147230267843e-01,-1.984930706524432314e-04,-5.749796794922674981e-02
3.524823795961719575e-01,-8.230403267591757110e-02,-2.067207646833950085e-01,1.338858242544178345e-01,1.343409772200570840e-01
5.816048674624721970e-01,-2.047459746484058818e-01,-3.574078323150514658e-01,-1.074224955488312441e-02,9.185877512537665712e-02
7.489955024669848749e-01,-3.286045423991079684e-01,1.273637113702776880e-01,-1.148573766414295733e-01,-1.081231419611462935e-01
-4.671132245281986806e-18,1.019379420909443487e-17,7.253381113523754419e-18,-2.740035303864348315e-17,-1.141830559470813960e-17
7.587017294820117552e-01,-3.683322904745960913e-01,8.727236105901176044e-02,-9.741766825782838257e-02,-1.362643105003616406e-01
7.978122115935781800e-01,3.592670046528258498e-01,-2.764257381069859520e-01,-6.916633121867410416e-02,-5.694020593824984655e-02
4.842641625192042332e-01,-1.242652571154542335e-01,-2.554432325588129604e-01,5.905069119164352287e-02,1.154076156238151990e-01
5.300552591842887518e-01,-1.297106139405369563e-01,-2.929453058706663060e-01,3.373904209937721166e-02,1.205339656566627449e-01
4.743106692981213235e-01,-1.585427631510008539e-01,-2.268869370602177582e-01,-1.235772267394503326e-01,6.061465748707207946e-02
3.055810645638247225e-01,-1.766533644021815730e-01,-1.225101509064434845e-02,5.417881616229065778e-02,-2.200083609033363641e-01
6.025258112229484597e-01,-2.914982246544209898e-01,1.464376404597534098e-01,-7.379732270946870454e-02,-7.736596643511603477e-02
4.359716654287179582e-01,-1.534247775299170113e-01,7.188743719007420485e-02,2.224741591772766772e-02,9.162587014115175510e-02
4.283745561848526506e-01,2.455343165303673914e-01,-5.619789772137093187e-02,3.137203294897067396e-01,-4.188160216322033697e-02
4.849567407490146947e-02,4.337956385971493412e-02,3.317753247550911389e-02,2.211954015231531231e-03,-6.690684429580693628e-03
7.156994492788104623e-01,3.435926905341720183e-01,-2.416195349509611123e-01,-9.015545454610245091e-02,-8.896131764471836012e-02
6.129691086979128789e-01,3.171426277697371177e-01,-2.503083255419720765e-01,-2.475620346412696002e-02,-3.178871629113445146e-02
6.801342976619532132e-01,3.385219196002781650e-01,-2.444180406773019398e-01,-1.132137182952323851e-02,-1.098793447184504175e-02
6.397563853871015560e-01,2.671603566055844592e-01,-1.654206777927706984e-01,5.201968863625879708e-02,-5.152359481264431884e-02
6.319510046643043166e-01,2.320965986169149509e-01,-2.282963706092415723e-01,-1.181724360828130399e-01,1.619254998051436467e-02
6.492218784875577464e-01,2.665571729061662065e-01,-1.619018508483519581e-01,-9.708221558859386757e-02,-2.663617991779894736e-02
3.073030625326591547e-01,9.147108971327941318e-02,-1.065293095011387581e-01,-3.031985977817137079e-01,-1.989094463833308152e-02
6.748192715409196962e-01,3.459555558953420484e-01,-2.047613672416314923e-01,2.931113897518871497e-02,-9.141638804883583935e-02
6.114218202710065553e-01,1.923640918813751266e-01,-1.752169155123736999e-01,-9.043552094303380917e-03,7.350529591969359733e-02
5.277350953285209201e-01,2.020895591033354532e-01,-1.522885572551352096e-01,1.380863465713544069e-01,5.875087352761171333e-02
2.404155620112072844e-01,8.234319884440120807e-02,-7.700087537561130235e-02,-3.831152690242657644e-02,1.708679505890060846e-02
5.910721424717537559e-02,-1.769390445121768463e-02,5.924689823210760320e-02,-6.128436931346636224e-03,8.073478361549850206e-04
8.368223863165915599e-01,1.133004799537472296e-01,2.131101974959308254e-01,8.237249413479568599e-03,8.707217502554266686e-02
5.177574845586176977e-01,3.440690991125850817e-03,1.391995816643677442e-01,7.455795554356782137e-03,2.344740402781274602e-01
5.864291386978354170e-01,-3.301558573603420588e-02,-9.257071668106672813e-02,3.165588280565666615e-03,9.428592785976250626e-03
2.188108472204415011e-01,8.409572636319155581e-02,-4.965455351378375570e-02,2.061122363449653938e-01,8.669149136491090257e-03
1.328939543453778183e-01,3.313202630395557791e-02,-4.454002468825388195e-02,-1.422841491877499531e-01,4.014538499392102805e-02
4.042944950340198185e-01,-1.229306842062908023e-01,-2.548477100136132822e-01,4.965173390483774984e-02,1.434693040754565496e-01
7.559260401023654152e-01,3.217043748096867772e-01,-2.590538174513059011e-01,-3.683938747276998410e-02,-4.132206809158023297e-02
5.755805249036809457e-01,2.699698958000021354e-01,-1.827024937909685065e-01,-2.971899909053657973e-01,-9.718580859528404281e-02
6.266985926923825945e-01,2.694304645845570501e-01,-2.382177684379181426e-01,1.438486980266600462e-02,-9.045992169481645306e-02
6.850849384515630414e-01,2.765067476447606309e-01,-2.385310822100275840e-01,-7.039675167080599802e-03,-2.615502004806563238e-02
3.816531311096158507e-01,5.909918009189807364e-02,8.409032148038279864e-02,-1.165792585602113546e-02,-6.460252253749854123e-02
3.473523402673463489e-01,7.863324615107730731e-02,2.135278011092898720e-01,-1.186191708150238500e-01,-1.332515091143334982e-02
5.109579775212426123e-01,-2.197846146625656305e-01,-3.332972604549492290e-01,4.885897797932771403e-02,3.004175543292906050e-02
4.999075127994922485e-01,-1.982096499022638347e-01,-2.398347554644046642e-01,-1.348237643856053658e-01,-1.819658833759808525e-01
7.443932482134244522e-01,1.685970614240066834e-01,4.050315814444396117e-02,1.298235939938287842e-01,-1.173043518068706513e-02
1.875063519453686878e-01,7.741940758036920667e-02,1.230739686515054943e-01,-2.048617292320438835e-02,-2.900647416357756553e-02
7.291930176430800881e-01,3.249410009409118838e-01,-2.787861064763361707e-01,-3.123638340330976357e-02,-2.738478904501080030e-02
6.956475699895044995e-01,3.595797230523582466e-01,-2.459030450034749016e-01,1.381444905954661538e-02,-8.041676291240942853e-02
2.804478284384384623e-01,1.092212148224922241e-01,-1.306616461125894302e-01,-3.015605586932712523e-01,-3.084849805962150415e-02
8.138421898251181341e-01,1.622335908256900827e-01,1.378341668682638299e-01,1.160702891318773078e-01,-1.533765729345936031e-02
3.691202768212315521e-01,2.024524721130728511e-01,2.925503922686176206e-02,1.950836044234846856e-01,-6.557507599469127035e-02
2.498916272955878093e-01,1.178212397925144511e-01,-9.212475465089592364e-02,-1.344597170356961469e-01,-7.456876102662372829e-02
5.713709510339955999e-01,2.707100383581964032e-01,-1.750754423452692277e-01,7.948548614183166550e-02,5.005074384821674854e-02
7.655230680231085438e-01,3.377792616169085771e-01,-2.607437311400104818e-01,-2.848027812552924795e-02,-7.260301307651684244e-02
3.918452687425056369e-01,2.046032982860414642e-02,2.122039027553510038e-01,-1.457265380219878448e-01,4.628510186277458999e-02
6.372856792034214957e-01,2.957791565855752980e-01,-1.675927566893018195e-01,6.641944082332421062e-02,-3.227652789912374004e-02
4.935066999521490749e-01,-1.883064215784898687e-01,-3.235508231315146754e-01,8.171096263036166374e-02,-5.159113625698441737e-03
7.450787422141343930e-01,1.041631388741742770e-01,2.320579705940923887e-01,-1.362166893686340419e-01,-6.944512215139508893e-02
3.887908190689629562e-01,8.547768999128972645e-02,-1.415308879708557233e-01,-3.800621313447900551e-01,7.560944032907504844e-03
4.220244617364989348e-01,5.747877447625898695e-02,-2.300241313224237263e-02,1.130499090587338828e-01,6.728328058394933420e-02
7.348392916538771802e-01,1.128699561957636349e-01,2.355449106894253256e-02,7.901138833681736751e-02,-1.260344384581496362e-04
8.217350155960932989e-01,1.259056311338198342e-01,1.484204933432183293e-01,1.319931935834473546e-01,1.093582168564655177e-02
3.594976342756857068e-01,-1.077507428457766259e-02,1.086176349898122367e-01,-1.342687153291339530e-01,-1.903089297348618120e-02
2.796787018522534640e-01,3.670040792450486589e-02,1.182292114676795763e-01,4.845014354400961620e-02,7.441786791964034864e-02
8.370712177933458120e-01,1.046694427344408429e-01,1.823600480129668189e-01,3.169923347709301814e-02,4.588831834227383860e-02
4.512834748565454079e-01,2.461621510247082589e-01,-9.832205673870220153e-02,9.273534869593269558e-02,-2.583109724311666994e-02
9.993309849402824685e-02,1.124125553687502638e-01,-4.429231957619989002e-02,-7.437232041830289797e-02,-6.417119947842290541e-03
6.120326181906901031e-01,2.690511199457931713e-01,-2.292713828407337284e-01,-1.540546047448315171e-02,-8.788129203101124887e-02
4.447358541868170478e-01,2.284750761516208817e-01,-1.309319557501358866e-01,-1.154519076860007765e-01,-1.094408167222459261e-01
6.431446488467879030e-01,4.804019153032034611e-02,2.074055077894914334e-01,-9.356448375757971114e-02,-1.080392275618859421e-01
4.576193431056843064e-01,-1.234570185777711243e-01,3.229839542944741293e-01,-2.315729282236010378e-01,6.200925365662316585e-02
8.458927955613302352e-01,1.356239867709092828e-01,1.749612797824499355e-01,6.712202792927605965e-02,5.211045810197055539e-02
6.249189800771286496e-01,3.475115477578437084e-01,-2.130667504907779453e-01,-1.090149770398854932e-02,-8.087540246318102033e-02
7.848676948879422799e-01,1.234917227036994025e-01,1.662848294132418248e-01,4.573379842455069927e-02,1.051611222323974443e-01
5.493442881695733693e-01,1.775485950128918855e-01,-1.512793912331027446e-01,-1.251315738666109074e-02,4.850366611455124433e-02
8.667214495910368077e-01,1.002578161248846578e-01,1.551150242290034731e-01,4.491812208770581266e-02,5.355535963045676695e-02
6.976233620206599984e-01,2.952710633144379204e-01,-2.258518321811148200e-01,-7.248833973988996759e-02,-5.612658667514784649e-02
5.626056789344454634e-01,-1.987896820857756597e-01,-3.468788908862581177e-01,-3.245705818232555440e-02,1.056411933400023401e-01
4.116684091385054423e-01,2.447268590278380007e-01,-1.132168696129532137e-01,1.694997764242383853e-01,1.074980829677560281e-03
8.048185056098532353e-19,-9.539625025060912064e-19,-9.907564523440050346e-19,2.554540899647426312e-18,1.194916699966995519e-18
3.714542924560678555e-02,9.329939309570833145e-03,3.556304181357675120e-02,1.652797075776342352e-03,-1.565916369213316006e-02
5.155688114490354357e-01,2.116037282677012965e-01,-5.816971107950828779e-02,2.640019216300321658e-01,-2.323413810323444323e-02
7.829221770953336268e-01,1.685476228091290496e-01,1.351427106597160865e-01,8.281995532363134460e-02,3.992379505572074549e-02
5.639223396961972473e-02,4.253469244196356018e-03,1.022181800866414983e-02,-2.414966468367950661e-02,2.136588867051969313e-03
6.813836848720252748e-01,3.222608668625251971e-01,-2.308199230153569759e-01,5.300237022166519318e-02,-2.479837232252585580e-02
8.325839040147207937e-02,3.934838465735725557e-03,8.136582670650999161e-02,3.183857244581242852e-03,-1.966996569750973853e-02
3.367490634008863948e-01,3.640930865986524018e-02,-1.602083130174464520e-01,-3.516996652532476397e-01,1.690762394090341778e-02
6.649222851032701165e-01,3.097989029273617856e-01,-2.333047837388015078e-01,-1.761433661051702015e-01,-1.156152009941066455e-01
7.778897952119455672e-01,1.641812256872315912e-01,1.264953204529575825e-01,2.705089250697184991e-02,-4.100669765686133089e-02
6.860351122288119718e-01,-2.597867463988315917e-01,-1.801085934618658069e-01,-2.484858499282225491e-02,4.242482251876425470e-02
3.880927256556834237e-01,8.650530649063119248e-02,1.175152986489319401e-01,1.021641622423172246e-01,6.477599291305791152e-02
7.246188743009621125e-02,4.212124929695148373e-03,5.924808162820665441e-02,-3.332316898885770602e-03,-1.739895926621138483e-02
2.313306005745787430e-01,2.416531860905864887e-02,-5.967853181431211074e-02,-2.366300226668079931e-01,1.932459938879458120e-02
3.484360332545475836e-01,-6.575315892515803951e-02,2.141121180324421780e-01,-1.668486529388025219e-01,8.261258661252286750e-02
7.406799723320353079e-01,3.460808258547727889e-01,-2.506111354343250053e-01,-8.817072736068799765e-02,-6.183152022487368310e-02
6.391458678714729835e-01,3.136719599775157352e-01,-2.240477341136631328e-01,-1.400631626425953846e-01,-7.498518851181978917e-02
7.156065286426810390e-01,3.033097845800593606e-01,-2.688115890302494315e-01,-1.393969323073990241e-02,-4.419232753445116735e-02
4.942642397193273140e-01,-1.167374830361180005e-01,2.849178256231251760e-01,-2.853940954863252721e-01,1.108675116239636466e-01
2.932461067891738993e-01,1.878320334174174433e-01,4.538201517962173193e-02,4.841521422427144672e-02,-7.549090163308888601e-02
6.186826619176601927e-01,-8.818067070062934887e-02,2.739590906429962835e-01,-2.125490352512563463e-01,-8.221986837895187182e-04
7.606753912873109869e-01,6.886414807673736649e-02,2.152363122291671982e-01,-1.008805891715931075e-01,2.347802356450951269e-02
9.252048510154914363e-01,9.811658380357346498e-02,1.805882123813901674e-01,4.687872302826364551e-02,3.466619389561623188e-02
3.740960486291676212e-01,5.479965584528022349e-02,2.002201816813842239e-01,-2.980501811610083637e-02,-2.563054376221395730e-02
6.545435410168064516e-01,3.311655172521777435e-01,-2.096147711882325460e-01,2.612003049483671568e-02,-1.168421876541157894e-01
4.370635508598085806e-01,2.762897770975317746e-01,-3.065718376225320951e-02,2.714596168001728871e-01,-1.193929894390108604e-01
4.581206453917328059e-01,-7.600965883479590679e-02,1.804813987919104135e-01,-2.329045113598248729e-01,8.099263131101883118e-02
7.333665416219028454e-01,5.711554646844516775e-02,2.003221892703553608e-01,-8.561597617196614607e-02,9.854505129208773750e-02
3.043250490659988872e-01,1.823370555092459488e-01,-7.528842766140819709e-02,2.653344885993970115e-01,-3.988648589819016564e-03
4.255399507459053376e-01,6.813024922261780303e-02,1.024178469927762292e-01,1.396784133728532218e-01,1.688767629584566887e-01
5.050450201172976827e-01,1.625022138845641784e-01,2.193053428554104789e-01,-2.586773767211927866e-02,-1.146425029723368433e-01
3.732058999415512335e-01,4.760789166811903866e-02,2.523165495955646542e-01,-6.963727577490046172e-02,2.080582848780031940e-02
4.766073042619139305e-02,-7.932738014287822170e-04,4.931534997798659586e-02,-1.167258790104367576e-03,1.477301658131993764e-05
2.194834105742228259e-01,5.596962101864454836e-02,1.452980881223424892e-01,-3.538832628641112171e-02,1.348225048819844639e-02
9.603372069597110317e-02,5.376978731176415560e-02,4.598188107517680451e-02,-4.167059756680782136e-03,-1.493542370572926395e-04
9.437393351703841082e-01,1.398212137634839702e-01,1.906722877009353889e-01,3.864782414352247591e-02,2.717485114452193595e-02
6.229127176999544879e-01,3.381510314693949026e-01,-2.186474800413547859e-01,4.050173988072554299e-02,-7.391373302103299014e-02
8.017938424034731781e-01,1.650971528022688317e-01,1.972208784148907490e-01,-2.917975131414465850e-02,-4.723796564955006633e-02
4.947564774697803536e-01,4.635423271942715195e-02,1.655110139626305155e-01,2.234932581553086481e-02,1.005721793934760411e-01
8.943583027794944629e-01,1.370788092140421688e-01,1.970016350457889642e-01,6.911027064607429271e-02,3.758545370891339110e-02
4.312724345746956067e-01,1.212022128315806413e-01,-1.781189127226024127e-01,2.805413879147072159e-02,7.801176062679253398e-02
7.110819196971789324e-01,3.069401515742786191e-01,-2.394166140916855756e-01,-3.793910044415552130e-02,-3.720746123496614099e-02
5.732262755478958471e-01,3.065543475631980486e-01,-2.027193356524605028e-01,3.475765678879103732e-02,-5.089313689304680172e-02
2.810890734145382042e-01,6.266357911885461762e-02,-1.088458890347773073e-01,-2.703346646542996723e-01,3.295270493754409963e-04
6.475061168766814423e-02,9.896162819926827836e-03,-2.403829432562229473e-02,-7.813974850029226094e-02,3.305844493586977684e-02
2.807699017925518459e-01,7.476244730744163736e-02,-1.505606733357934268e-01,-3.248073828023129161e-01,1.589927606093037918e-02
5.094531384031142363e-01,2.712602881809544897e-01,-1.224209072166513729e-01,-1.192856452761360125e-01,-1.786158899532619138e-01
5.826977676742191026e-01,2.587600251555005615e-01,-1.737579210946049169e-01,-8.447590997971461679e-02,-6.257838590755554486e-02
4.588480752710777932e-01,2.707940920399045659e-01,-1.557157410193479863e-01,-1.988727913782794843e-01,-1.251073568161535365e-01
3.680784550719027326e-01,-1.346060932908770269e-01,-2.203121018313794477e-01,-4.161107029570730587e-02,9.121511270111808123e-02
6.376367488032775865e-01,2.471081532792253344e-01,-1.844277945089818627e-01,2.157483281042539905e-02,1.847600903734445158e-03
7.452328934879999256e-01,1.190672893219210243e-01,8.091370495192666545e-02,1.420528182071165990e-01,1.666833404712911998e-02
3.059601963795424706e-02,-3.258545152121355287e-03,1.843742232064816966e-02,-4.006551660570782658e-03,5.239325755887865727e-03
8.554618897729816540e-01,1.126228087648751819e-01,2.021012682678294536e-01,8.205895482361003079e-03,4.292327932369697369e-02
1.835676963390455163e-01,2.232272527283376759e-02,9.213722043480503110e-02,-5.576947087898015409e-02,1.457161707043392977e-02
4.671319201544881228e-01,-1.179537607841825708e-01,-2.920040855502851751e-01,7.101257773138068552e-02,1.016800250461467325e-01
5.780253601182111511e-01,1.707741271392946847e-01,-1.774906196301203054e-01,-3.653707863074252826e-02,9.255827498765526601e-03
5.278205534157576206e-01,3.141681578792173135e-01,-1.828449319759901381e-01,8.633463288820182602e-02,-7.704362626011618254e-02
4.574699998126890987e-01,1.875236128672455316e-01,-1.433671972161333630e-01,1.488216273013034940e-01,1.077136153939464193e-02
6.373333870394457534e-01,3.214231088009850135e-01,-1.688627550680367739e-01,-3.186001145600729501e-02,2.466393652358572774e-02
6.356134046805509419e-01,2.818227991922691023e-01,-2.613697616953492009e-01,-1.980785484183932629e-03,-8.306328450823927123e-02
6.617973837396853298e-01,2.528903850291047695e-01,-2.257045075213685026e-01,-2.399240876541457179e-02,-2.328679696168636098e-02
7.480605228947432295e-01,3.467317681592063661e-01,-2.219124550442218846e-01,-1.750234285043741900e-02,-1.916132231720600251e-02
7.281761958419195047e-01,3.284351934153472707e-01,-2.532212418306881707e-01,-1.427681451277164060e-01,-1.245441869351540248e-01
1.901467861243468505e-01,8.078468054531090514e-02,-1.281164628856543419e-01,-1.169165690772919902e-01,-6.439135328717242313e-02
7.082114014309448535e-01,-2.310538522811781958e-01,-3.865750512946337647e-01,-1.319387879825394995e-02,9.387623424233609848e-02
6.808869594760984523e-01,-2.426598126284872925e-01,-3.808226941975693669e-01,-7.475704964664996871e-03,9.775411849953610788e-02
6.713266313783374795e-01,2.781283653238759146e-01,-2.500660015837318229e-01,-3.341663642492912617e-02,6.003671931007662811e-03
7.425724487395994888e-01,3.299349931919896561e-01,-2.589360611309036164e-01,-5.021118682923335352e-02,-7.100783996766955875e-02
3.776864442769286567e-01,7.861514254756532538e-02,-1.513643339268410382e-01,1.168644218906928350e-01,1.141674956636436616e-01
3.810120208619919291e-01,2.606449407875617852e-01,-1.340934595174558541e-01,-8.997876554852428377e-02,-1.270569966834566300e-01
7.870225798454971722e-01,3.418297012459633466e-01,-2.433015900659785125e-01,-4.430246020687975822e-02,-7.571502107561402239e-02
6.816035775262706542e-01,2.854587645953250985e-01,-2.506703575437437270e-01,4.189738256747364831e-02,-6.091597165278901660e-02
3.486091506885620750e-01,-1.783091677226733562e-01,-1.931258105464128683e-01,2.683925382699529072e-01,-1.332255693650686301e-01
4.613843238588065665e-01,2.181043498012195658e-01,-1.724855770836811186e-01,3.154906257802017611e-02,-9.999356252669394651e-02
7.272014936035419153e-01,3.174065485484247051e-01,-2.349299903352330965e-01,1.817304567214955355e-02,-1.011789337942538558e-01
9.452843751747458390e-01,1.471735593027075906e-01,2.028908837630917228e-01,4.970059285840828373e-02,2.419901637049566567e-02
1.203668454221858315e-02,2.727868890601472824e-03,3.469135689519599764e-03,-1.301043662303737365e-02,1.411674619366645993e-03
8.305367369463677596e-01,8.665612142922649030e-02,1.405466587385899024e-01,7.515633757125440850e-02,6.839733363123659537e-02
8.603158274856813614e-01,1.328738456656957112e-01,1.575470192286411164e-01,7.289671300921955754e-02,3.686185560139631362e-02
9.379902780870661427e-01,1.286002254285264768e-01,1.989482303687808706e-01,4.161404025224955949e-02,4.419694390151700930e-02
9.253442441922079542e-01,1.505102694712821820e-01,1.775523453202780821e-01,7.790812587138561118e-02,3.381474528356255560e-02
9.053706318733950598e-01,1.504445686543619820e-01,1.726105080557329419e-01,5.873832916077144362e-02,5.457250721190669285e-02
4.042075185157617545e-01,1.259794058173623055e-01,2.966280432485322860e-02,1.424666282505210047e-01,2.520361654470788110e-02
6.980821777659795835e-01,8.071083968975252543e-02,1.317229815508062785e-01,9.225691619824717693e-02,8.109223023351538884e-02
9.409911560937147534e-01,1.198837491662595595e-01,1.944434330759560181e-01,5.099700902662564900e-02,4.598965213617828979e-02
7.822054595888838779e-01,1.259203824620716561e-01,1.062527642469480310e-01,1.347421901215258011e-01,6.039144524375682395e-03
8.596355720405227663e-01,1.367938231660854598e-01,1.735929612110612141e-01,5.378444929491076054e-02,4.611480260205603338e-02
8.939220994620836747e-01,1.303116659628802410e-01,1.778393349336763185e-01,6.201930251160217566e-02,6.211803865408702802e-02
8.215196473756551931e-01,1.228963660455403561e-01,1.825846827560548002e-01,3.694221237177116451e-02,3.817963915394733537e-02
7.922395113498313934e-01,6.612886872589121556e-02,1.911685576055140168e-01,-8.948152833874367662e-02,-4.816756385075127850e-02
7.748241484631418485e-01,1.245864392192515824e-01,2.346691802127476023e-01,-4.429602872259810059e-02,-5.815811315421678257e-02
8.362806128861640653e-01,1.594649200380466592e-01,1.839710843969576959e-01,1.895580941718540136e-02,-5.357744784953367978e-02
9.103958277247726771e-01,1.373825225468038869e-01,2.035648635613474255e-01,3.059851623552197961e-02,7.116647177538087954e-02
7.613842542734291508e-01,1.227097459842768218e-01,2.121368816910979560e-01,1.540397094696955779e-02,5.091230165484918191e-02
9.166168269876643349e-01,1.348148476890964620e-01,1.950773834883982316e-01,3.926935690697007375e-02,6.651278975075738953e-02
9.124919625586398464e-01,1.333165847655447545e-01,2.075142788772822711e-01,-1.405431303608978624e-02,5.300313368140401049e-03
8.336248252861957475e-01,1.343487587719067178e-01,2.233578246659465860e-01,2.726637891868811600e-02,7.844712799839941020e-02
8.191796596974516564e-01,9.813286267448040334e-02,1.435972184020986031e-01,8.496675764327177305e-02,6.657033987903031302e-02
6.732959610878677115e-01,-3.135587223789368938e-01,8.078257742018341014e-02,4.743514593080853242e-02,5.093700398395836770e-03
7.067862936278698216e-01,1.624159284190768437e-01,1.099559932032232595e-01,1.694641373004390494e-01,1.396977707340862039e-02
6.315051134042839465e-01,-2.117682826842606503e-01,-3.696339131731984362e-01,-3.433213422195442732e-02,9.794692710360067278e-02
7.862153739266910524e-01,-3.249979701464869586e-01,6.647544957118595166e-02,-4.142292033801841210e-03,-1.111486793259368472e-01
4.858280895882008954e-01,-1.217275058382472491e-01,2.693215693744272499e-01,-2.686407477803175459e-01,1.012413517774470167e-01
9.269943765656343260e-01,7.192357581490313456e-02,1.729986044757737818e-01,3.865924927705084724e-02,2.432506856754475949e-02
6.030781057860096217e-01,-2.148584328117613962e-01,-3.308988413011565433e-01,2.488351801310326183e-02,1.024864096867945107e-01
5.859032961935627393e-01,-1.730574688470166989e-01,-2.801511155568330858e-01,-8.760298566775961970e-02,1.296904337150765751e-01
5.772751854914961456e-01,-1.800504568364990066e-01,-2.846299380898705267e-01,5.148092281946159074e-03,1.014931470374550032e-01
5.313150348244348731e-01,-2.158611511701240548e-01,1.404349160616089054e-01,-1.815842319426501650e-01,5.173001751366548134e-02
3.672692901019384837e-01,-2.173948600579052037e-01,-1.324028212216234457e-01,1.942820276306840011e-01,-1.006511163792891406e-01
4.459187182974347907e-01,-1.339850787584601077e-01,-2.705747714539801785e-01,-1.543758632201916101e-02,1.140791910596541253e-01
3.404473906002676298e-01,-7.849453028326543180e-02,-2.109969165366308852e-01,-2.667021826973132309e-02,6.842697870160294182e-02
6.327433381733433837e-01,-1.827501715186363729e-01,-3.617054976881390882e-01,-3.175111779641722615e-02,8.428385079965593218e-02
5.040893758334482611e-01,-1.909292962276858685e-01,-2.867605738390124337e-01,4.149681559952187598e-02,-7.832574283270213322e-02
8.200891166637181984e-01,-3.589812086640019051e-01,8.425120273748928912e-02,1.048133014665632648e-02,-6.585630635033776215e-02
8.139410674330588291e-01,-3.677400085630636029e-01,4.615741084969165325e-02,6.659068913972658599e-02,-5.490241189123240551e-02
6.843380830174637941e-01,2.996680137406960709e-01,-2.209875262930905693e-01,-6.521869394215388215e-03,-6.685877918958900434e-02
5.050603568460837467e-01,1.614627219388037327e-01,-1.870220896644378961e-01,-2.506773250852298851e-01,-1.069632875066874322e-01
8.166131909323400828e-01,-3.370831257602536768e-01,5.186414255468073387e-02,5.163463313787221981e-02,-6.242099654201997694e-02
7.436840027149957955e-01,-6.392194763944393336e-03,2.244722633488820396e-01,-1.500660273906108955e-01,-3.779097396666117326e-02
5.361786440873637094e-01,2.820827473002640584e-01,-1.952187898812128286e-01,9.306813405802676076e-02,-3.025938812382271761e-02
3.462443359438103219e-01,-7.455992876232117594e-02,-2.118751268593302151e-01,1.821773932894441561e-01,5.539569369125724174e-02
3.759484449380369186e-01,-1.167827758439024116e-01,1.629879574430348754e-01,-1.577086026694718701e-01,5.461756434161958718e-02
4.586279345670372098e-01,2.665018011199140613e-01,-2.055591326500807170e-01,-9.636880948875298225e-03,-2.188245716609669642e-02
3.458186829320745725e-01,-1.209801167619877355e-01,-1.038807622964054989e-01,1.145573710489795893e-01,5.658441158458948211e-02
7.290982195323987280e-01,-2.346231374520303670e-02,1.005388676746426097e-01,-2.626711726262540014e-02,4.764882619077533132e-02
9.365359992002086909e-01,1.316072550194973267e-01,2.020868833616623061e-01,4.339431504032038867e-02,4.500794585296773870e-02
4.218793480794630901e-01,-1.226996942878726404e-01,-2.409720627450936958e-01,-1.376220073393396304e-01,-1.886275852171702969e-03
3.915122170118447431e-01,-1.260884574297158056e-01,-1.702897076664937615e-01,-1.904512119197856179e-01,-2.105825139553763048e-02
8.007686890408800551e-01,-3.283400299244138565e-01,6.709086366958233461e-02,1.993757565202064139e-02,-5.844809839758136755e-02
7.916859085566519960e-01,-1.318278825331637982e-01,1.412009986537291761e-01,-3.340023794611670510e-02,2.199716319063451178e-02
9.112456169132856498e-01,1.138213796880179762e-01,1.869372833651875287e-01,6.698938167278679912e-02,2.758355898888729604e-02
9.094865302527374018e-01,1.316646652399552364e-01,1.648334065723677522e-01,6.634447616460974195e-02,3.341639726113213027e-02
9.194552087549423547e-01,1.399643918956256783e-01,1.745513382127166779e-01,7.045166175357804594e-02,3.482864206009077257e-02
4.887895388190774959e-01,-1.396759565592613495e-01,-2.530019882302145806e-01,2.900551528159629744e-02,1.132775541283106424e-01
2.499352455160814002e-01,-1.925351037044839911e-02,-1.509796841460216144e-01,-1.140942529772690367e-01,4.294290401144516822e-02
7.225487916612115535e-01,3.331240201993707073e-01,-2.454904866267480779e-01,-5.556815273221150236e-03,-7.875283887970631336e-02
7.333941438659347112e-01,3.501293132997630453e-01,-2.580933033658056042e-01,-6.663712752882454404e-02,-5.261292613275683067e-02
6.045633148676246571e-02,2.065323022161533878e-03,4.755675367049839314e-02,-7.367246730385403237e-03,1.909842418904825895e-03
8.997222882200964778e-01,1.605031932364229530e-01,1.418062200211251400e-01,4.749182159097790901e-02,1.710469596050007146e-02
8.168110492869847805e-01,8.158549181015421758e-02,1.973179614635957313e-01,3.222212709191108609e-02,9.624140221982713239e-02
9.537980097365522658e-01,1.371335698913320189e-01,1.954337870556693280e-01,5.527434192683941538e-02,3.687192802085351856e-02
7.699540887072003903e-01,1.569958508333173242e-01,1.994944177477827318e-01,4.209179149356931382e-02,-4.736713867641744596e-02
9.180337121693974423e-01,1.211182886916915141e-01,2.026792834677152988e-01,2.679652154844603881e-02,3.305096534795270991e-02
6.447809580482251057e-01,2.274776569794984826e-01,-2.770348984219588029e-02,-7.766345650893128477e-03,5.364335334538280348e-02
8.931484909670964756e-01,1.307816298083942508e-01,2.053165562693215207e-01,7.198445100780698214e-02,5.197035557821062107e-02
8.717995452642731680e-01,1.437818194587139886e-01,1.736425614949365093e-01,1.229386125656065643e-01,5.777862786656524571e-03
7.944501680879011429e-01,1.565001510302830301e-01,2.430296972409221046e-01,-1.049984193699912555e-01,-1.237311958452120275e-01
7.254967716566433911e-01,-2.845735379992140116e-02,1.011112629810931585e-01,5.468695855955563873e-02,1.630988836094834091e-04
5.715247384829467148e-01,8.386492960254439064e-03,2.829511567052525045e-01,-1.931366187282778923e-01,3.265582063148424197e-02
7.487274786773777668e-01,5.784604180425310938e-02,1.972826427506756131e-01,-1.087253776378643289e-01,1.222978777093292925e-02
6.822464808990326146e-01,7.922224274456397819e-02,2.609896481381543953e-01,-1.390281690885745436e-01,-3.633552996485637371e-02
8.769108718650399092e-01,1.152389299636190634e-01,2.003930809552640357e-01,2.108832603258562616e-03,7.575037473327111970e-02
9.065521413333823553e-01,1.457256596706026086e-01,2.048834189632806058e-01,6.598315001214478948e-02,1.103746212071478528e-04
4.810436684229035254e-01,-1.687339567455086731e-01,-2.874379046435653895e-01,5.403206955060034511e-02,1.772255752024853859e-01
8.213771313828044374e-01,-3.527169559051114289e-01,3.277328673845940343e-02,3.917848324854213138e-02,-6.382580403195989294e-02
6.513545502493190975e-01,-2.446991378116402938e-01,-2.907027873777521809e-01,4.223942855577127176e-02,-3.272146398302984427e-02
9.447888071024562739e-01,1.459819766312997757e-01,2.014739015091445429e-01,5.763387488753216048e-02,3.215552056201659292e-02
5.917394498688264282e-01,-1.925489205395602421e-01,-3.073137017982411900e-01,1.956401226039590491e-02,1.515617243035138617e-01
9.118210625744277431e-01,1.310527771049454504e-01,1.950755281510455075e-01,5.521595635922484785e-02,2.959564333988608589e-02
8.902244576227421602e-01,1.551810104256197975e-01,1.656505832536723510e-01,8.909511091774610647e-02,6.942465321078259560e-03
5.894489292687049575e-01,2.996541044108403939e-01,-1.897407923543939223e-01,-1.414040832483796743e-02,2.576455634768590880e-02
1.693382380571339940e-01,-5.590046663474359384e-02,-1.327353675268004851e-01,5.009234934525282762e-02,6.077118844651670931e-02
5.403724740493224266e-01,-4.958747372694325556e-02,1.926946332215132285e-01,-8.989515080357873833e-02,3.247145462962590379e-02
8.364966885363829263e-01,1.225330610966372247e-01,2.633196445632895455e-01,-1.317326013255297190e-01,-7.071439734367115926e-02
9.079201661391638201e-01,1.499982064878372101e-01,1.679290953616066895e-01,6.679478878686880006e-02,4.557374588291211726e-02
9.180754961361681232e-01,1.551164939660209241e-01,1.798270906631115329e-01,3.362902258381602477e-02,3.221200560778488681e-02
8.734183061648774782e-01,5.001446166942215277e-02,1.535085415111293039e-01,6.722575652286710834e-02,9.004217938623378797e-03
6.516234419308974957e-01,-2.195440384415310309e-01,1.409146382840550382e-01,-8.438901717272297154e-02,3.305341886290294462e-02
7.763180960729528790e-01,-3.114252890272263818e-01,7.066979917513940834e-02,-1.535634468270680869e-02,-1.097219920035119242e-02
6.667749663577557939e-01,3.126320931638474354e-01,-2.394419806261700034e-01,4.724256186919036267e-03,-4.268623785654317854e-02
4.837411863918001376e-01,-1.728504165676131299e-01,-2.692377418700108160e-01,1.016466915127587495e-01,-2.272634571034868808e-02
4.976514849438188892e-01,-1.837268910714228709e-01,-3.108944952752479285e-01,-7.433612365049623028e-02,1.469748181562233469e-01
8.245655833977195703e-01,1.419654137151124540e-01,2.144497179217561833e-01,-2.521421303607343511e-02,-1.888862375199610449e-02
6.174653195439968600e-01,-3.581295160420773505e-02,1.287396187520843116e-01,-5.943815793348864590e-02,1.712755239113765982e-01
1.977924153631330506e-01,-1.037275825511803223e-01,3.553325601616216800e-02,-1.195533310091459543e-04,3.155546822892706799e-02
8.106612008035631867e-01,1.270867346532305320e-01,1.792186173703829155e-01,3.413430035409546759e-02,4.914287251737318313e-02
6.715576729379643117e-01,2.779837543521791465e-01,-1.956011910389945929e-01,-6.883030386831570646e-02,2.164993944738848042e-02
5.807502936830777340e-01,-1.556432432460156112e-01,-3.475836565227449215e-01,-3.072847428425383789e-02,1.610536739674803819e-01
6.974692831927812309e-01,-3.238843711793807922e-01,8.544199757656696648e-02,-9.855836296228004390e-02,-1.085166905228362039e-01
8.396884673706627167e-01,1.548793002969377774e-01,1.283462431616533006e-01,9.386763887635003745e-02,1.762316820352869892e-02
7.564077419845267602e-01,3.574460067616114234e-01,-2.681032097998553576e-01,-2.838469587933912033e-02,-9.902103163101984296e-02
5.183266673742074060e-01,-1.672625056178864422e-01,-3.422614164403608439e-01,3.845076169021947182e-02,9.815118809203916828e-02
7.926419058985998412e-01,-3.181627522283541065e-01,4.636314871041852248e-02,2.040314646415273409e-02,-4.016910451732640802e-02
9.465444706885652870e-01,1.503382258468256294e-01,1.893936526723208336e-01,5.926510618468481401e-02,3.636734694992110190e-02
7.917859162456469813e-01,1.447302983545925015e-01,2.184068830585581544e-01,7.265052576483183033e-02,6.988677298262604975e-02
4.256661252339675183e-01,2.509640595099847937e-01,-1.477232020447291072e-01,1.794109489870177598e-01,4.802795036988371027e-03
6.232928505307643308e-01,-2.168538409045305815e-01,-3.516333181460278845e-01,1.853222822933234606e-02,7.222357089113681794e-02
8.413237610032768821e-01,1.355034061708459969e-01,1.835185805442341445e-01,1.092971973315074452e-01,-1.709869450720244086e-02
8.285599001033998601e-01,-3.018966827510459749e-01,1.003678421937902326e-01,-9.249184913568062050e-03,-3.925167249894320060e-02
6.345237263814962336e-01,2.954535544720090501e-01,-1.937763418041927588e-01,1.259097283912405559e-02,9.959921043955403605e-03
7.390532553487744183e-01,2.826665323384349171e-01,-2.535814046742056460e-01,-4.352230197355762970e-02,-3.025610140286766683e-02
8.622183916965276973e-01,-3.671496046930474710e-01,6.105628953084968336e-02,3.043851025407788222e-02,-7.172470339504571912e-02
4.145365214055427017e-01,-1.401438857847052966e-01,-2.456507880006940370e-01,-4.047019970326923982e-02,1.931743546852960833e-02
7.530544342272799119e-01,-3.341733503889172674e-01,4.225663503139753113e-02,-1.002594630690731813e-02,-7.775948113117231442e-02
8.497003297482630391e-01,-3.560373151660042312e-01,5.824234445529514331e-02,2.299120188635775039e-02,-6.615494258873907962e-02
7.524119230884122045e-01,9.661840005913083229e-02,2.469003056527935003e-01,-1.492380557531323981e-01,-8.041260038744257529e-03
8.396747454293084223e-01,-3.402834831447622554e-01,7.014058046912025057e-02,1.950554825286312730e-02,-5.094911776333229531e-02
7.571061638417632134e-01,1.456398659992795552e-01,1.941062614272985598e-01,-1.068063805998769739e-01,-9.702181461768037696e-02
7.957306795197099936e-01,1.355335790196101342e-01,1.013452227624720703e-01,1.091613319427127970e-01,2.530430735993267205e-02
9.394332139800583015e-01,1.031501306771593768e-01,1.904053363692950751e-01,5.347594289698653219e-02,4.142882301271703926e-02
7.455285339309161152e-01,-1.107956899260752609e-01,1.546087629436173339e-01,-8.341248012383851648e-03,5.700478283760690434e-03
3.903238486563617160e-01,2.246452704154548174e-01,-1.147239712622388080e-01,-1.082961443964546022e-01,-1.293819643894687510e-01
4.421521204585034392e-01,-1.518786216815595780e-01,-2.943387607038649434e-01,7.452811326217953503e-02,9.841032240806549258e-02
3.262468777185100755e-01,-1.757161650233003691e-01,-7.245650285196741924e-02,1.281712860330125325e-01,-1.058820572063141618e-01
8.146328768170271184e-01,1.060671097081085784e-01,1.738459461746900969e-01,1.853470224850581327e-02,2.612722222578531261e-02
7.514585903047493742e-01,2.942861021996431292e-01,-2.072055142104064496e-01,-3.086627344773258327e-02,-3.633450059843727070e-02
5.939120739714887076e-01,2.237528614581791309e-01,-1.887496495558216025e-01,-4.690111318841090615e-02,5.711854800786653934e-04
6.608035956707697389e-01,2.871392419423821618e-01,-2.125766260123602702e-01,4.320398148210591316e-02,-2.222471879959283386e-02
7.670768497103258587e-01,-3.430577514845087883e-01,1.083442976063163504e-01,-3.878053056588173179e-03,1.094619072012911233e-02
5.609869711729777997e-01,-1.961615336254655950e-01,-3.444989853514813793e-01,-1.052246343658038395e-02,1.147067097608046315e-01
7.609464022253402682e-01,-2.863557458321770999e-01,6.658452148009150195e-02,2.548023425910548798e-02,-3.025437920381933085e-02
4.957848388571839959e-01,-1.646715055486881463e-01,-2.574994002493741774e-01,-6.011407534707024353e-02,4.969947293215080941e-02
5.631221261794434607e-01,-5.752240376718889547e-02,2.783924100768337961e-01,-2.572378500714517235e-01,7.342893116901776096e-02
5.993094018831338632e-01,2.611564843365997701e-01,-2.529999721881832087e-01,-7.715201730124775226e-02,-5.313287925334127249e-02
6.870552159612074439e-01,3.251034327656858736e-01,-2.310996697834501734e-01,-1.020693703042123562e-01,-9.039310418083146281e-02
6.733325180357719875e-01,-2.792822444609150412e-01,3.288638977644572914e-02,8.733666814090670916e-02,-5.439112792188103424e-02
9.084927266068887342e-01,1.521980716821774715e-01,2.172733791506246404e-01,3.567833256867995045e-02,6.121768475134436310e-02
4.356440055992623073e-01,1.706228073920636745e-01,-1.826559946654475186e-01,-2.764308682150351526e-01,-8.147848812117218509e-02
6.228871689775135057e-01,-2.069367093765197008e-01,-2.958917659117789589e-01,4.533450146907807426e-02,-1.286365971651518827e-03
6.072458802652996868e-01,-2.472021703728549957e-01,1.130231216736421185e-01,-8.560280856262716953e-02,5.291497893637648470e-02
7.741618672170484938e-01,-3.220628433145937830e-01,7.726429906924185687e-02,5.813387707312581837e-02,-7.952255646706574144e-02
6.830710707226529399e-01,-3.918756523709521211e-02,2.682399271808216801e-01,-1.959279818839354814e-01,-9.173380417498136832e-03
5.595432574279296523e-01,-2.249040552876603594e-01,-2.696414582981694896e-01,5.700798787723678623e-02,-4.907893237770809269e-02
6.184855084662849167e-01,-2.209568848997288393e-01,5.510531026359532375e-02,-2.517443675703512698e-02,8.401338055410632888e-02
7.091177284179592810e-01,-3.410031750246422244e-01,8.516221636790662075e-02,-1.476346214567786641e-01,-1.739567206452666270e-01
7.801488451197986507e-01,7.462145008061972506e-02,2.051765330289807843e-01,6.356012004336717043e-03,1.215214894608502433e-01
9.056383060825397013e-01,9.517152604726858423e-02,1.835090157591061921e-01,1.556975477043248852e-02,6.254196079992317692e-02
7.419235325461456254e-01,-4.256319610357870570e-02,2.160031173812844429e-01,-1.529216880968806980e-01,2.022728110416200167e-02
6.880637550209234288e-01,1.132258952562065352e-01,2.729947648285987460e-01,-1.137816238553014253e-01,-2.825685786385549389e-02
9.427274405397384482e-01,1.378224042915408287e-01,2.036825147293171157e-01,2.942249571258392232e-02,2.280358729469594142e-02
8.376612245058768780e-01,1.515111087544579183e-01,2.132400386768700251e-01,-5.674216950673587057e-02,-3.136078334527572092e-02
8.186722100275459768e-01,1.306999187473291413e-01,2.387031928765129818e-01,3.410643733849519441e-04,1.049496578782643380e-01
7.783388050617420229e-01,-3.189495660207166683e-01,9.645515255657455267e-02,-2.092413442570246335e-02,1.478891696333562746e-02
7.564058332221861303e-01,-3.164170129575773482e-01,9.717130564025304451e-02,-4.088209955333318990e-02,2.683133710425433804e-02
7.999125239376748686e-01,3.786180799099354150e-02,1.532751858101635001e-01,-6.836960787186262788e-03,3.458635487708053291e-02
9.236808564385664555e-01,1.333125530912563639e-01,1.911226025730917988e-01,6.409966840098087204e-02,4.722393102497149386e-02
6.973262763293470723e-01,9.363985323805261440e-02,9.142610937570873342e-02,1.288829743463668354e-01,3.887600052971319081e-02
8.702860422435382270e-01,8.150399847976998180e-02,2.095229357430252182e-01,3.013527946530963550e-02,7.637289968250990380e-02
8.878163913717733724e-01,1.332499537486233621e-01,1.561440224325047477e-01,7.812695443105550919e-02,4.369621334295392678e-02
8.488256068891911754e-01,1.408455076501774483e-01,2.510850762701730132e-01,-1.382127743704624767e-01,-8.950700580206301382e-02
8.446639845235969224e-01,1.151735461422106338e-01,1.991353784294551676e-01,3.742395756648039806e-02,6.725715163526280183e-02
9.459297549075674771e-01,1.318803159046889606e-01,1.858724539636164019e-01,5.206806513801250091e-02,3.664558042291560236e-02
7.946144332703433122e-01,1.105010892556630431e-01,1.252647978491341074e-01,5.458260491110126025e-03,7.358293740353034906e-02
9.276237536725745469e-01,1.132136729529853031e-01,1.806782655176991936e-01,4.429376591744569464e-02,3.624436983667534556e-02
6.109901389499566848e-01,3.224997683817328320e-01,-1.603753272633779148e-01,-2.416627716259646397e-01,-1.462527870541134589e-01
8.196912753336189628e-01,-3.490341204786406304e-01,6.136433696147262917e-02,3.015292554398099970e-02,-4.118851749820657410e-02
5.916635301063536412e-01,-1.690865588477248604e-01,-3.370233877074660378e-01,-1.339090025752003900e-02,1.025000020122675964e-01
7.887613194287914631e-01,1.042680027991359365e-01,1.711701137021887920e-01,1.002029846467503149e-01,6.967097372134674338e-02
9.155886696771171618e-01,1.471828067936584716e-01,2.176657356812326805e-01,3.078954332360065924e-02,5.330756299818828481e-02
6.797533767406261918e-01,2.739746768681729505e-01,-2.661444593466836261e-01,-3.381295261412145536e-02,-1.306629350526516443e-02
9.103355036169875625e-01,1.619297782358830595e-01,1.846804147622396197e-01,5.321374892274519791e-02,1.883874223669798620e-02
9.220450772988528776e-01,1.173367975722549861e-01,1.882559406526702894e-01,6.160046125446724113e-02,4.539452270878631401e-02
7.382904503871212665e-01,8.790233595506835584e-02,1.723978803639380775e-01,1.059749412834812832e-01,2.798717416534367980e-02
6.973863088268233978e-01,1.028168836658827773e-01,1.811320005048301929e-01,7.434374583084880916e-02,8.577160765001864973e-02
8.911394289651337619e-01,1.548715721394535172e-01,2.033800163045924592e-01,7.408913431313113307e-02,-2.416754229379036722e-02
7.698274284572032000e-01,1.431264209561716461e-01,2.123698908186187617e-01,4.540274586284846065e-02,1.012201916813268709e-01
8.428896819157524201e-01,1.109110267476724060e-01,2.212636587862261417e-01,2.958747466082947697e-02,9.717941801680073100e-02
3.993405169917007558e-01,-1.602715789207531383e-01,-1.948390939116620701e-01,-1.049101293301454574e-01,-7.632936400246174979e-02
6.062326001109873408e-01,-1.947246863700009822e-01,-3.413528557916897799e-01,2.395651829814983425e-02,1.068510656132276720e-01
6.523772560792338027e-01,-2.222097885163887288e-01,-3.783373282156685113e-01,-8.272429759255807077e-03,1.103118655323135217e-01
7.085974465409149436e-01,6.089193573447049257e-02,2.350572865201687733e-01,-1.706124038645261687e-01,-1.087220068283048860e-02
9.522844788465941734e-01,1.501147908953705257e-01,1.927092795534792180e-01,5.568067379471032530e-02,2.494559198603603367e-02
5.841969161656360710e-01,2.594657996191150895e-01,-2.232056823524085076e-01,3.853373926961681933e-02,-2.133175811606383837e-02
5.570666240951627213e-01,-1.976899025234232776e-01,-2.490091889100525258e-01,-1.044981318128763992e-02,6.597666529763486498e-02
7.042219339683924995e-01,2.204204850080215133e-02,1.724311271821181712e-01,2.384238434772759097e-02,9.465808058310845596e-02
9.024449520962015692e-01,1.165634547583106473e-01,1.774118304519182454e-01,5.016444391392398117e-02,2.634278443533604949e-02
8.525603912629602377e-01,1.480507283872849467e-01,1.791104892875951538e-01,8.898671037480641866e-02,7.119515511082576131e-02
7.202765549765078879e-01,-2.882563013546971531e-01,1.040537034831998525e-01,-1.917969534535871046e-02,4.821599207555126582e-02
4.416669591082663104e-01,-1.367301864500202468e-01,-2.481884575525353243e-01,-6.375690487611677948e-02,8.092296742981619495e-02
3.563672558113983868e-01,-1.423855835001981707e-01,-1.974031707707497030e-01,-1.611078674426640600e-01,-9.282835342837002235e-02
5.764060755828482874e-01,-2.519107644891813713e-01,-3.067785992393147754e-01,4.417971140996606455e-02,-4.718096289288089412e-02
7.347447946774071648e-01,-1.996995623304949896e-01,1.263684801044677730e-01,6.748832940576434195e-03,2.144672813726279659e-02
8.465138593500872721e-01,1.528958175407701403e-01,2.095386127680414490e-01,-1.526562430081944942e-02,4.494495763240816122e-02
9.571387868710212743e-01,1.453914791254777850e-01,1.961092270689410444e-01,5.458777478738691818e-02,3.408490287191812129e-02
7.156319243383018058e-01,3.183203487061608272e-01,-2.390751272530484417e-01,-7.693275361488158270e-02,-3.441988846497857218e-02
7.160749896729480257e-01,-3.283561979332650371e-01,3.786905379769802543e-02,1.030173402063262467e-01,-9.508764944470814162e-02
6.562169987300136009e-01,5.999495504762059755e-02,9.426738073047098709e-02,4.861461637376653100e-02,1.394213035748288754e-01
8.295389726558685117e-01,1.301203219524373345e-01,2.129920305109167800e-01,-1.653088687890777106e-02,6.547301866158712624e-02
5.064349044280519463e-01,1.025368345122869840e-01,-2.711944331848008538e-01,1.775807800308727702e-02,-4.080386507504869115e-02
1.382234530159216490e-01,2.874738647414080972e-02,-4.742479882324836943e-02,7.882599303859162687e-02,-1.319588618422457699e-02
9.252564004661258945e-01,1.504694839092647618e-01,1.833271788899586974e-01,6.921335672452272325e-02,4.019200195937116388e-02
8.921185552626866855e-01,1.367827749005735560e-01,2.013095199660945023e-01,-1.357046792976117008e-02,1.766988937928622074e-03
5.715976361511214687e-01,-2.177172289596256693e-01,-3.518880843130334779e-01,-8.804963292789586699e-03,1.204421415034142018e-01
8.823960029681210404e-01,1.106622994576566960e-01,2.110942091539185217e-01,6.683777914041741722e-03,7.051098615128764333e-03
9.352494687559298470e-01,1.380498195293992092e-01,2.004225405603731469e-01,5.459013904918506854e-02,2.514791287595568095e-02
7.782864349573833662e-01,1.044065583641214517e-01,1.969457706282860543e-01,-9.055516519097399396e-04,8.437607941043779106e-03
5.597288136949948312e-01,2.919206128718974669e-01,-1.873012491737906515e-01,-2.073366793686219969e-02,-1.143305432182874365e-01
7.696230990111248282e-02,2.526964652146376084e-02,1.791857378686080235e-02,-3.889971310512594250e-03,-8.491904241054252719e-03
5.084817923676715479e-01,-1.689001421774645739e-01,-2.427800217077804024e-01,-1.525361846894316420e-01,-1.286175828754428652e-01
5.237354017232734860e-01,-1.957103328779105644e-01,-2.986087810976947310e-01,8.517639030844985359e-02,-6.975848717332507054e-02
7.447908213350949991e-01,-2.587304555827211749e-01,1.224286675376198008e-01,-1.067315248698549532e-02,4.303275992634752328e-02
5.332640370845885824e-01,-1.329866118594475455e-01,-2.972044016228144736e-01,1.253618541474604831e-02,1.510159928402839136e-01
6.448156855375118957e-01,-2.707412813985041189e-01,-3.170647170284952021e-01,6.110346018392748962e-02,-1.044503801875047849e-01
7.223486646562659041e-01,-2.686706632859282573e-01,-3.984942296246998805e-01,-2.847981033957154920e-02,6.803346586097118454e-02
6.187726795997288143e-01,-2.232627427693158473e-01,-2.815998737230826499e-01,1.800013789188053409e-02,-1.065426259221384682e-02
5.811261023029101747e-01,-2.304697857784328840e-01,1.633541252618899431e-01,-1.836457378905909377e-01,-5.628223744697879311e-02
9.168399049761063457e-01,1.422439704218712575e-01,1.908583988602940706e-01,4.055291658306287017e-02,3.435297771244391618e-02
3.668174318075551055e-01,-1.589462646771814813e-01,-2.025126529985109003e-01,-8.888145250467449632e-02,-1.025448167020242968e-01
5.684423801481865990e-01,-2.039118005012125756e-01,-3.184538917915550327e-01,7.512073476207005440e-02,9.060058958576162891e-02
1.490978089516962202e-01,-1.191232766353129968e-01,-1.031378948187955391e-01,-3.161103235790930360e-02,-5.616578560185263302e-02
5.938557299187291472e-01,-2.538411533638039730e-01,-2.810464865008043267e-01,8.835967070847500215e-02,-8.383373041784089597e-02
3.280004144165934443e-01,-1.369254916684049805e-01,-1.969350275238122561e-01,-2.228101580891097555e-01,1.324065754070528067e-01
2.530502468180060860e-01,-7.916525244953870333e-02,-9.049883863897659197e-02,1.365262045213413156e-01,-1.060873144803796131e-01
7.029295093048215648e-01,-3.302855469305651104e-01,1.112753695819436311e-01,-1.796387902844328310e-01,-1.268511193181590113e-01
4.525060691000669100e-01,-1.808752650237159809e-01,9.622926514878177295e-02,-1.773535030120722625e-02,-8.534439113665977239e-02
9.078992995967307689e-01,1.555035335850599443e-01,1.833714278695308397e-01,5.003117155381826137e-02,1.951300551936150166e-02
5.957074017445750380e-01,-2.081762808942085874e-01,-3.519007412225332865e-01,6.117129721430534378e-02,5.768785863274051434e-02
6.295430116443909707e-01,-2.234690092760474034e-01,-3.427596601734085868e-01,3.444170308798888414e-02,5.414496060773858754e-02
7.840024182899436589e-01,-3.611139105538470617e-01,7.960212626269727587e-02,5.754502666359184032e-02,-5.444933780966300374e-02
7.591426810451850082e-01,-2.814843377528338797e-01,6.432276302886114072e-02,7.893486069776026182e-02,-1.274106646035624325e-02
4.543202527561545634e-01,-1.528098087786995130e-01,-2.609231119731287851e-01,-3.765807286225244599e-04,1.246569298941950510e-01
4.947660110377278819e-01,-2.130435303330742991e-01,-2.553178598686724476e-01,9.647690271374034787e-02,-2.010595200590648002e-02
3.273741086871110317e-01,1.536564558227702937e-01,-1.332837055981686836e-01,-1.799577536955725976e-01,8.094094195625739160e-03
8.610050611394521880e-01,1.500921772977566737e-01,2.049771518493438971e-01,7.336361975853050721e-02,1.935009486413544894e-02
6.532610511487632055e-01,-2.904805523744404261e-01,1.432541945230892400e-01,-2.003528934932526651e-01,-7.566350543110247906e-02
7.367764114416613941e-01,-4.977905080083197542e-02,1.114878503546508637e-01,-1.503475275396026767e-02,2.555738750896688685e-02
8.840147390043763265e-01,1.245791230755965290e-01,1.950879011495878224e-01,6.900807714910403567e-02,5.887472588032023613e-02
8.258507817957296826e-01,4.182174843056125912e-02,1.445923081912800501e-01,1.784252393826655321e-04,1.036126628790360882e-01
5.808788270964859723e-01,-2.203001943004283258e-01,-3.496437507791666510e-01,3.849594620514314169e-02,7.121912321795310918e-02
5.811143615901991355e-01,-1.897246797965013998e-01,-3.327661467849511445e-01,3.492401901868942820e-03,1.258879467746877034e-01
9.302537458133242065e-01,1.104193538144287862e-01,1.812413551959839164e-01,5.691081536961879739e-02,3.749662699783603420e-02
8.976899359888304009e-01,1.292659671548394562e-01,1.778860308770754128e-01,7.463548409053503974e-02,4.745921373622737777e-02
8.110940614737307541e-01,-3.655146353572660267e-01,8.065945114875704147e-02,2.687655210337211442e-02,-6.548343067186374045e-02
6.357446545142990679e-01,2.882438008126578244e-01,-2.296100589593439434e-01,-1.048548172618803398e-01,-6.540200039402263577e-02
6.875639994925378806e-01,-3.124384639141683517e-01,1.758567370061218660e-01,-1.441155677176882699e-01,-1.446530612827712503e-01
5.133118589733633996e-01,-2.740819914452133355e-01,7.200484871102462436e-02,4.254086512663177860e-02,-1.077541259062964191e-01
6.087135904156786292e-01,-2.831412469162181145e-01,6.126975350869517944e-02,8.650763426600223405e-02,-1.281658316360372724e-02
8.324167908489299439e-01,-3.678300085981918155e-01,7.066589171481085785e-02,4.568627767159350039e-02,-7.131678670949079257e-02
6.294014580208084908e-01,-2.402009071012061181e-01,-3.054309889256116572e-01,-1.508827334913375373e-03,-3.512612699048597159e-02
7.506700797048340146e-01,-3.594547671956500601e-01,1.094081249343994838e-01,-1.512461730575946628e-01,-1.750470731890582110e-01
8.431009382587052459e-01,1.092394474900511836e-01,1.491694540273363345e-01,3.070821614111645878e-02,2.393974412223746212e-02
7.651891431434136859e-01,6.326665983529541903e-02,1.564719449494394732e-01,-2.695419579936410640e-02,2.464917730590039310e-02
4.777987696281272845e-01,-1.334339975199086703e-01,-2.695404533290287619e-01,-3.991065250701272826e-02,1.785072778029629312e-02
4.755103262662558894e-01,8.632955389554873571e-02,9.394538272576792581e-02,1.200939383881169109e-01,1.772648152098199037e-01
7.384860942378698168e-01,-3.025444796988751781e-02,1.924764536250720137e-01,-2.250955700608043425e-02,1.436527377877577227e-01
7.780128479712912215e-01,-3.612043890416556935e-01,5.371769136157138191e-02,5.322717921499721394e-02,-9.519373025634675356e-02
9.121032042942536222e-01,1.347330293956943426e-01,1.963684870785719905e-01,3.703649928078923265e-02,1.126378829671577202e-02
6.425020830433125774e-01,-2.947604494477542580e-01,4.834254168791050910e-02,4.096425396406633648e-04,-7.235840614236443979e-02
7.855433959398304689e-01,-3.269853290949254476e-01,1.972808447011342378e-02,5.100775037624797476e-02,-5.781746360064930063e-02
7.459619609364250836e-01,7.594871700857931673e-02,2.486701452167645876e-01,-9.858821386433247458e-02,-1.004173164983398064e-01
4.438843859857018459e-01,-8.142000605541339919e-02,2.505328572213866845e-01,-2.404984766916276606e-01,1.137676951238279360e-01
7.877046867507876415e-01,8.041991714027776905e-02,1.723131123668051878e-01,5.843866597196454432e-02,9.808301735415349276e-02
8.429726213675130531e-01,-3.174775967557418310e-01,8.898702838917552094e-02,2.038236227559368438e-02,-4.392572423180762103e-02
6.747218042588015718e-01,3.018416074300638852e-01,-2.093362570820421209e-01,-2.788968158374455220e-01,-1.739585930432049898e-01
8.636750268207629144e-01,1.257401074279986541e-01,2.064645030679780890e-01,1.075331292160898802e-02,9.913766312133198699e-02
8.722806609256902322e-01,1.569130393659037004e-01,2.112536341999806111e-01,3.963881182911451612e-02,-1.251677388511995490e-02
7.369361170050559018e-01,9.627145396591960114e-02,1.735888447896528908e-01,6.167969341614477907e-02,9.677222934438550750e-02
2.923151281579388638e-01,-3.043058049133802456e-02,-1.438248212256733605e-01,-8.991988185006322132e-02,1.930212147735913264e-01
5.067803713478894467e-01,2.291964191195629830e-01,-1.411490415533271370e-01,5.066849417851431586e-02,8.878440487706498740e-02
6.590896973221866961e-01,-2.442427468961945736e-01,-3.884698153440278023e-01,-7.604140167165510111e-02,5.404727459454346933e-02
5.813732956993067358e-01,-2.292995108467029142e-01,8.098114390974020527e-02,1.077763050815785384e-01,-7.093221553663073102e-03
7.017355926150684597e-01,1.868658464913227485e-02,2.536184952185895347e-01,-1.422037756860406454e-01,-2.245532199021623571e-02
9.145977233036378662e-01,1.211854984679953673e-01,1.542328459976790023e-01,4.706646900883383611e-02,4.702621939495603420e-02
9.039122157359326115e-01,1.103452169768921742e-01,1.699634673724671474e-01,5.564548212978939756e-02,5.382048197585734273e-02
7.921796668530715069e-01,1.222406039823862450e-01,2.404090901982703088e-01,-1.013597747677283667e-01,-1.089792931273897009e-01
7.710430996285387861e-01,3.961475989601279113e-02,2.459100688367027998e-01,-1.933545795473408657e-01,-4.047291593369746476e-02
9.571387868710211633e-01,1.453914791254777295e-01,1.961092270689409334e-01,5.458777478738697370e-02,3.408490287191814905e-02
9.571387868710219404e-01,1.453914791254776739e-01,1.961092270689408501e-01,5.458777478738702227e-02,3.408490287191807966e-02
7.102297794676156739e-01,2.992075030019343274e-01,-2.377751440581391817e-01,-2.348320247407336032e-03,-2.937216593097107323e-02
6.987196273493795351e-01,3.528289539594071933e-02,1.280278663855574650e-01,-6.355304809475947891e-02,-4.090040269827439900e-02
8.850389812419400259e-01,9.577444614207240858e-02,1.785399920965280718e-01,4.680403820073762711e-02,4.028696341086653726e-02
5.317312829052677214e-01,-1.108998416483022026e-01,3.113480036361723213e-01,-3.016481703382207780e-01,1.184875348429040715e-01
8.824441387253827429e-01,8.945345076108274229e-02,1.763847159082159444e-01,4.565302297598360093e-02,3.354963242280845775e-02
8.997621748545808762e-01,1.045002173801624773e-01,1.883918872168387770e-01,5.416910872197176763e-02,2.849851495756168876e-02
5.501408153082056884e-01,-2.381113606068005761e-01,-2.438768936818817290e-01,-1.394611735610849224e-01,-2.066329607505331123e-01
3.406301871870298648e-01,-1.244023158210169205e-01,-2.241875779125594437e-01,-9.135874737355885455e-02,-1.663505752246678682e-02
8.533792668350177468e-01,-3.554481036970311147e-01,6.769395524440399714e-02,2.520335790613533952e-02,-5.266225549895790781e-02
5.819155216877884840e-01,-2.144851210568292366e-01,1.959417112272232586e-01,-2.128465094870562457e-01,-4.268627274980300347e-03
7.028358451524524542e-01,-3.372521836025741959e-01,1.114292056241942275e-01,-3.025772680019618577e-02,-1.488930163168180887e-01
8.460391596284571047e-01,-3.631970282710387243e-01,5.732499254206970679e-02,3.292507728348714052e-02,-6.973229402051026038e-02
6.264223070739403099e-01,-2.540662496656591607e-01,-3.208049972663302718e-01,3.843654199445963038e-02,-2.682026826723111004e-02
5.262992309403893287e-01,-2.183377640991558954e-01,-2.839858280398997459e-01,5.724878682022672277e-02,3.015916695843195994e-03
7.627094452146305770e-01,-3.241823435255282160e-01,5.727500490704327124e-02,7.652064391118776343e-02,-7.958612110829661745e-02
8.075609271848045445e-01,-3.052293000147882074e-01,6.812540953661468113e-02,2.341315331466467531e-02,-4.435352660089748877e-02
7.787653348489073091e-01,-3.052418659123435352e-01,6.135466495565781303e-02,-1.379099482012452471e-04,-1.162002171137772738e-01
4.291825386384122698e-01,-1.005246098635748514e-01,-2.366396732813917658e-01,-4.116470248017093519e-02,2.480366938326806214e-01
7.503249909130437212e-01,-3.444694540683466699e-01,4.742068802942218941e-02,-2.663293236495001270e-02,-8.733304931752446099e-02
4.261215220009465510e-01,3.338238947702446002e-02,-1.817605809513079818e-01,3.186447207666927295e-02,1.438352391451720447e-01
8.287647296579884193e-01,-3.513156931306051223e-01,8.175107089099156732e-02,1.057667472261394556e-02,-3.209696530840694395e-02
6.027189481930829151e-01,-3.032425901421910153e-01,-2.364045932869151753e-02,3.471271119295945250e-03,-2.434381443862665695e-01
8.453251564579609134e-01,-3.690802198544794743e-01,7.129561031944192662e-02,1.889747702827021536e-02,-6.177523957874288263e-02
2.909967239852068177e-01,-1.630543428406362738e-01,-1.807895220790326496e-01,1.876770368242154097e-01,-2.300084103169933170e-01
8.270808112275583879e-01,1.189380547959183188e-01,1.320608756567604181e-01,8.246356263129120401e-02,3.713002670659618781e-02
5.110240140436583811e-01,-1.491638109601169659e-01,5.375692613306162077e-02,-9.432750134479522819e-02,1.986910607436024115e-02
6.775638608444918276e-01,3.196177761891279001e-01,-2.179617571787037522e-01,7.677535502638992149e-02,-9.588740093339533088e-02
5.244101010949986374e-01,-1.506704884178250714e-01,-3.199057649326683683e-01,-1.130781604558048561e-02,8.441534107817362520e-02
7.513892863388785814e-01,-3.464664920914349300e-01,-1.731375087975348115e-02,5.370851859984978466e-02,-4.652744977188228576e-02
8.287742269027411623e-01,-3.498276551403390333e-01,7.424808935625587525e-02,3.529616805591760664e-02,-4.100954603061865433e-02
8.411030455431245390e-01,-3.640256678577453164e-01,4.929709563527222282e-02,3.608406216251778403e-02,-6.808135218938445032e-02
7.806405732856829260e-01,-3.381147313991496595e-01,2.997256045549215667e-02,5.359964302182002038e-02,-7.303397256542464022e-02
4.627642066113574759e-01,-9.689868101017412583e-02,-2.492732414923715389e-01,3.036745509761389419e-02,8.799111598803995016e-02
4.481678933828215916e-01,-1.279438091998921778e-01,-2.134146992947731358e-01,-1.214810463060374407e-01,2.282118130792260835e-01
8.075328038417300958e-01,-3.517174837243648433e-01,7.580587573133788781e-02,3.019961212813906601e-02,-5.526185483026739564e-02
7.207304938443727105e-01,1.188968734076833143e-02,1.284514781209819823e-01,8.232345891518001724e-02,9.059010175010395738e-02
3.787025059143558359e-01,-9.238098362154278931e-02,-1.745824789323940363e-01,-8.171553231824833785e-02,2.074811693530351497e-01
8.299849484147130418e-01,1.123027654225516869e-01,2.041800051332032795e-01,1.257983251344152106e-02,4.580740588184119971e-02
6.147463495544954748e-01,-2.444307898501612841e-01,-2.925643362848491247e-01,2.061069163931406392e-02,-4.166625329124283572e-02
8.562544640163504139e-01,-3.671623828499802067e-01,6.634712064509161455e-02,2.711138886457264627e-02,-6.953703747180899064e-02
4.664825538782443881e-01,-1.634001638654667687e-01,1.401682573293144829e-01,-1.417901296016397250e-01,-6.111682696489970090e-02
8.312721339077008276e-01,-3.581611637638086876e-01,7.809453067994683029e-02,9.014665982586451271e-03,-3.701277997145334397e-02
7.251376853592323979e-01,-3.542001473517983889e-01,1.278135770065738086e-01,-1.535523247480909959e-01,-1.556175465120093193e-01
7.721245893846248043e-01,-3.382913600944128518e-01,4.264008401386186475e-02,3.269465194965431865e-02,-5.578901219127423150e-02
7.397292381760008917e-01,9.217308969597660939e-02,1.622616938409808529e-01,1.204532367829337820e-02,-3.341100837526907175e-02
3.898199215369584358e-01,-4.945949042307033749e-02,-1.735290363465527008e-01,-3.544830469407794227e-01,1.995888352227668527e-01
7.662051236884559469e-01,-3.328234400773448787e-01,2.563439510742700211e-02,7.596779076666314301e-02,-6.185485208701232279e-02
8.328618566179913918e-01,-3.416066113307982821e-01,7.660512418242763910e-02,3.387859858425588955e-02,-5.687134668031573054e-02
6.699546786254312325e-01,-3.086487954284342639e-01,8.409740187147356216e-02,-3.048204330828086991e-02,-1.237469974710584120e-01
9.525803900263426494e-01,1.493201868391964005e-01,1.903706059565417885e-01,5.414240674804000897e-02,3.152583890072783307e-02
9.260948738584758866e-01,1.406971273379293563e-01,1.818984859231168316e-01,5.121089016026251356e-02,1.951624920301035793e-02
6.792015034962917142e-01,-2.598622248477158170e-01,9.231862301755443256e-02,-2.426802038673042672e-02,4.374910932977555539e-02
8.307695163067575495e-01,-3.699005431930065257e-01,6.295110276882412426e-02,2.747798956754100158e-02,-8.655284031428632507e-02
7.880855449821638770e-01,-3.571810008035421480e-01,8.707021700084992266e-02,-1.325064025967640294e-02,-3.506101728463543576e-03
3.716142270607564191e-01,-1.102393117132088318e-01,-1.890626704458029106e-01,-2.887157117800672607e-02,1.509887059453131342e-01
2.105550152984401735e-01,-3.759599310021201346e-02,-1.030976611800873133e-01,-1.263551533919191408e-02,1.266916299486882946e-01
8.565455317238358512e-01,1.169010462422699348e-01,1.894322402590188359e-01,7.805701614337207106e-02,2.262909219618024215e-02
4.590230869699530869e-01,2.450485577195493370e-01,-1.484795446462924551e-01,-7.265547169739275390e-02,-1.531340561024495117e-01
6.485723168517357716e-03,-1.423207555228039661e-04,-6.805688959345124450e-04,-3.353253384490082617e-03,3.886853284959072407e-03
6.393315013688029014e-01,-2.449027107794169988e-01,-3.524018904407205111e-01,1.225375352718912139e-03,7.145913029498036917e-02
4.606154974828856608e-01,-1.061722666392437425e-01,-2.750281038986384097e-01,5.087246645436620945e-02,1.176662716429323630e-01
8.063371371126417664e-01,-3.274896603512246207e-01,6.626428191133429402e-02,1.328495929466680554e-02,-9.018379287018119320e-03
4.931501329687675850e-01,-1.940422091956634232e-01,-3.291380456427506207e-01,1.198853559465513363e-01,5.550508780545900661e-02
7.447237358569298582e-01,-3.526273734053183562e-01,1.339232938381474391e-01,-1.663620319155705018e-01,-1.538564712880774177e-01
5.249330950047893518e-01,-1.805082735766331548e-01,-3.109770415197915527e-01,-2.176109433322332559e-02,1.368571781501891071e-01
4.189606099638853998e-01,-1.249799518017231242e-01,-2.521142975542092213e-01,1.415982251597949215e-01,5.588096006316078251e-02
4.423285299472299453e-02,1.764518869674972998e-02,2.634660987259634934e-02,-9.404771432035016407e-03,-1.245205617719623975e-04
4.118599324973910569e-01,-1.185388789623652572e-01,-2.065195390990673396e-01,-1.801682778537345708e-01,1.725378062254104283e-01
-6.819322153123825515e-18,9.109843970892476994e-18,1.184518826964407474e-17,-3.239251647901905135e-17,-1.395774040431847566e-17
4.583571122516058582e-01,-1.161930100295492374e-01,-2.556719179114981810e-01,-2.111415805614589858e-01,4.649348222051197937e-02
2.003895927409781175e-01,-1.069528074139703688e-01,-5.291394597124891158e-02,2.033036155825392599e-01,7.893213635390183835e-02
1.423303727804054453e-01,-4.141583158587801294e-02,-4.110196137613660039e-02,-1.324415931772570665e-01,7.479809019482479282e-02
4.826984172406281748e-01,-1.186629287597291277e-01,2.757799466609020533e-01,-2.656891226911308745e-01,1.241346420318700100e-01
9.191235956025031184e-01,1.375142881670609885e-01,1.559525573706330714e-01,6.036124323030171712e-02,3.413739134035328332e-02
6.323484686041713765e-01,2.468934944367763562e-01,-2.244191622105125294e-01,-4.093769772265948292e-02,3.662545745120851515e-02
3.719082172275392506e-01,-1.438791314344513850e-01,-2.304113832385537852e-01,-4.757603997604625823e-02,-1.308315793950194650e-02
7.862471664227940193e-01,-2.736166148151731869e-01,8.343940613644700022e-02,1.688913674908891840e-02,8.446070240034721233e-03
7.770187530433674272e-01,-3.147854839289760398e-01,1.847905855031545252e-02,5.475121508104435070e-02,-8.700029621330152008e-02
6.676692619042100540e-01,-3.043788662572089465e-01,1.347145800074763533e-01,-1.395583493344649262e-01,-1.441288869180950838e-01
8.351373635405821005e-01,-3.376898233277688122e-01,7.178498576986160062e-02,1.476747039737825486e-02,-3.762242057096309295e-02
8.264491267464402213e-01,-3.446073885553899707e-01,6.504932131756144265e-02,2.713103100271759341e-02,-6.803101894060832600e-02
8.420002678359115311e-01,-3.521939454247166035e-01,7.243725215010231311e-02,1.468835034346573608e-02,-3.742045085192212406e-02
7.539840698542106256e-01,-3.174325798546367983e-01,1.020645604870380890e-01,-6.702272143116949632e-02,-4.076266557220423886e-02
7.846418332783685612e-01,-3.654249106203408259e-01,4.162098907915046803e-02,3.234264200764353642e-02,-6.832672169637866999e-02
6.324858062364531186e-01,-2.021900526129901676e-01,2.267787273202753195e-01,-2.364442999271312851e-01,5.932268895133727647e-03
8.072127055991664690e-01,-3.574524112722939906e-01,7.566795087130882835e-02,7.028382732147842038e-02,-7.137278733461613345e-02
5.209469191502924534e-01,-2.185705821111770808e-01,-3.110543248038181718e-01,-2.142827502638101206e-02,9.569958444729820268e-02
7.682575476465002273e-01,-3.225706178120023027e-01,1.386801284277432676e-02,7.652562267146177655e-02,-1.121190048667036893e-01
6.276311147840196725e-01,-2.890112997536521400e-01,1.581981564635131787e-01,-1.440022460398112381e-01,-1.343893073787537085e-01
6.814474115545969823e-01,-3.438166705483713392e-01,1.269169195446264720e-01,-1.491608507677327777e-01,-1.609778201204533354e-01
3.630482671895837732e-01,-2.094535124362942868e-01,-1.486282852162638668e-01,2.491917324297268366e-01,-1.249137399778636193e-01
4.733729216683438823e-01,-1.141202841959341047e-01,-2.579262929617418543e-01,4.770079774631653252e-02,1.102294860058483233e-01
6.644507444599454526e-01,3.269165989751646739e-01,-2.212142182213249486e-01,-1.104737012211231967e-01,-1.037279480277362442e-01
6.138356690595376808e-01,-2.051639243197530063e-02,1.932811486726123129e-01,-4.725278055802591137e-02,8.264875807072544212e-02
5.089329530840601690e-01,-1.869618896893656124e-01,-2.295465472381972571e-01,-1.546175315857621080e-01,-1.298896503202538744e-01
6.762608373595244693e-01,2.485196396308268774e-01,-1.475824117276178793e-01,1.088198415520567550e-02,3.160027642764706712e-02
8.560395452668208005e-01,-3.560330429973472266e-01,5.719890839075766203e-02,2.613917927937601041e-02,-6.602228265825962894e-02
1.358690455830649790e-01,-3.889741676912944479e-02,8.011804886401413528e-02,-9.742184844322117343e-02,7.831475581377954354e-02
1.005411802678422006e-01,-2.858093442930159656e-02,7.636865743331298917e-02,-6.444651496283887449e-02,4.225561175945685699e-02
8.286553643329583885e-01,-3.490285668221525528e-01,5.027208084384495596e-02,1.974273234367547938e-02,-5.935966631124505594e-02
8.060358938952931762e-01,-3.608644914588332031e-01,6.531274788607735471e-02,5.171220218544494290e-02,-7.442029684710561865e-02
8.784683835513190653e-01,1.419604308295146500e-01,1.647726495270300240e-01,4.556028038850357120e-02,5.485633366664681432e-02
8.912330016487192141e-01,1.218492067789806316e-01,2.032439260924823465e-01,4.046399293210489745e-02,6.625337260766953063e-02
8.287740652099180316e-01,8.499709128330500130e-02,1.735367537559407702e-01,5.191465250570701656e-02,2.476934883190482981e-02
8.294415324573535253e-01,1.396298178686835312e-01,1.857403726665736721e-01,1.217878719450966180e-01,3.162585502715526548e-02
5.552296354034286230e-01,-1.559770137511460875e-01,-2.984578985366695969e-01,-1.039501032534471126e-01,1.467167712064275931e-01
7.018715509481158188e-01,3.137480987256998644e-01,-2.436970456069529334e-01,-1.277381867563635517e-02,-6.663919057745301688e-02
6.707108726047494862e-01,-2.917690593379749786e-01,3.744771112942283514e-02,9.147580731957742628e-02,-2.647229445284005056e-02
7.568609402758997851e-01,-3.246708112644600130e-01,8.666944774685959862e-02,3.785090814109783736e-02,-2.296795516647559890e-02
7.810004248285947748e-01,1.092499253091081951e-01,1.357513770263681918e-01,1.188805903410580234e-01,1.586035483516689756e-02
6.829095485286558187e-01,3.249512584691233164e-01,-2.285587845905676374e-01,8.480540887999707400e-02,-6.752671782469418793e-02
5.772109714713086204e-01,-2.839461076345420332e-01,-5.620295771003902541e-02,1.128188927983049400e-01,-1.097384039830875263e-01
5.209532118475826978e-01,2.952782820539889830e-01,-1.721688113415780208e-01,1.772151486708180845e-01,-6.463587967911885168e-02
4.580825869512717419e-01,-2.067471058070102785e-01,-2.830016751810121578e-01,2.024004297561708687e-01,-1.523530968289608933e-01
4.403103468668312925e-01,-2.084376074706490445e-01,-1.730485742616886258e-01,2.637371000963871781e-01,-2.147774182089934869e-01
4.489426498217205519e-01,-2.417655532776633587e-01,-1.893419714022179789e-01,2.811122156051100163e-01,-2.176378596476654936e-01
4.013200844630165354e-01,-1.822373706137107585e-01,-2.655171792905329231e-01,2.824618368372947552e-01,-2.064886862617907604e-01
3.839973450488178442e-03,9.200155128147355366e-03,1.253874123241060460e-03,-3.868690387071322518e-04,-1.012976934281444431e-04
1.412078998735627608e-03,-5.508916371548162882e-03,-3.165184602329730069e-03,7.949777470633784867e-04,-4.192002171943850879e-03
6.575959933773459221e-02,-7.975875493671025218e-02,-5.492459265418991876e-02,5.479656268471832375e-02,-7.945057537199036457e-02
6.512859433339643345e-02,-6.137480541869553413e-02,-5.245770826176064661e-02,9.632074164634277236e-02,-2.603826957334721970e-02
1.784497776758028550e-02,-2.666935054862630550e-02,-1.731399297940133114e-02,1.952261880972076813e-02,-2.106107575895123374e-02
9.679544116549531917e-18,-1.096450644673363069e-17,-1.018914175923036746e-17,3.013506524258499831e-17,1.001079519199368515e-17
4.105346122149229294e-19,-7.754543133078793640e-19,-6.733132843921815020e-19,1.956307498591209921e-18,8.126049474616659953e-19
-3.793655746927295599e-18,4.801705251623826815e-18,3.228771651898300556e-18,-1.177168750963629597e-17,-5.254947982859697394e-18
-1.039723032476762791e-17,2.350788515154689207e-17,1.877371389180022325e-17,-4.138350326467511829e-17,-1.183020901707849566e-17
-2.895965891422172501e-18,3.936154756785377098e-18,4.174182283441932585e-18,-1.073999687154032150e-17,-3.654980466279991625e-18
1.670362179949492741e-17,-1.569112141065738171e-17,-1.388632645967228420e-17,4.413005064264876468e-17,2.222178757461431841e-17
-8.846370052482073413e-18,1.313881391816549009e-17,9.718093559496416425e-18,-2.466581708103888222e-17,-1.043926260365328479e-17
6.062514808165953978e-18,-1.075258453796617588e-17,-9.585359247426620276e-18,2.140957232246388814e-17,5.359644518871791755e-18
-1.811504459823353606e-17,1.535009693355370015e-17,1.729977806619853797e-17,-4.290033425037015169e-17,-1.718525966846301613e-17
-1.281647138952632454e-17,1.742099249920511920e-17,1.346550199328776311e-17,-4.303307212412115981e-17,-1.641419564598242520e-17
1.513971115994156284e-17,-2.094942703274861555e-17,-2.024364118240659910e-17,4.745600278852867133e-17,1.527096862727943358e-17
-1.505500536779034046e-17,2.005092521978660166e-17,1.750398452703023966e-17,-3.916863935042495090e-17,-1.549594500744820482e-17
5.955766727516182968e-01,-2.185558798559008031e-01,-3.054682423639295541e-01,2.956735975414595194e-02,3.142279243225878232e-02
5.695572246621081192e-01,2.725823996669011762e-01,-1.927475255145918165e-01,-2.802082113660841339e-02,-4.716654965210323458e-02
6.373547895529844132e-01,2.710589886747203914e-01,-2.277761866770088850e-01,-3.761143249656823118e-02,-5.374343856224280541e-02
3.238910975656459496e-02,-4.070573882459265630e-02,-1.107600281576914293e-02,-1.185938882516850493e-02,-2.397175891311500995e-02
5.695337250617799052e-01,2.000181643642496010e-01,-2.401888566754684651e-01,2.998226413491279080e-02,-6.596399545870096706e-03
2.837536938438962042e-01,-3.765956281303473041e-02,-1.477241779745977757e-01,-8.272600852942396665e-02,1.573860307543980819e-01
5.093193109007830843e-01,-1.849989884336229462e-01,-2.893543914240119808e-01,5.650952555741360801e-03,1.350586901848184473e-01
4.742004260080500688e-01,1.873294266276935294e-01,-1.960584713796382772e-01,8.093498028243285847e-02,-2.189206009681936640e-03
5.262067050134989765e-01,-1.322579893840055698e-01,-2.948889696565047402e-01,1.922928729032190656e-02,1.400906994864656863e-01
2.784473185033261577e-01,-8.742317647625957866e-02,-1.388402371967737414e-01,-7.602906981744876613e-02,-4.203889333568856801e-02
2.982732369406652095e-01,-1.702794259605852067e-01,-1.363544555291876514e-01,2.234500032374917011e-01,-1.229885205866477760e-01
4.904165543038287445e-01,-2.294535258404096778e-01,1.900384683019154253e-01,-7.908282445655134829e-02,3.374473688091371437e-02
6.209901315841226399e-01,-2.307865065930055914e-01,-3.102565348323733097e-01,4.414592914392172218e-02,-4.417178040953223528e-02
3.645302147896930522e-01,-1.369830616839105564e-01,-1.766710190620138510e-01,-3.175636680602270112e-02,3.673482293552060574e-02
3.626194390687555447e-01,-2.022941226971865514e-01,-1.900144099582735946e-01,3.082971177133077556e-01,-1.433064541780459944e-01
